-- phpMyAdmin SQL Dump
-- version 3.5.1
-- http://www.phpmyadmin.net
--
-- Host: localhost
-- Generation Time: Oct 25, 2014 at 10:09 AM
-- Server version: 5.5.25
-- PHP Version: 5.4.4

SET SQL_MODE="NO_AUTO_VALUE_ON_ZERO";
SET time_zone = "+00:00";


/*!40101 SET @OLD_CHARACTER_SET_CLIENT=@@CHARACTER_SET_CLIENT */;
/*!40101 SET @OLD_CHARACTER_SET_RESULTS=@@CHARACTER_SET_RESULTS */;
/*!40101 SET @OLD_COLLATION_CONNECTION=@@COLLATION_CONNECTION */;
/*!40101 SET NAMES utf8 */;

--
-- Database: `builderlite`
--

-- --------------------------------------------------------

--
-- Table structure for table `configuration`
--

CREATE TABLE `configuration` (
  `config_id` int(11) NOT NULL AUTO_INCREMENT,
  `config_name` varchar(255) NOT NULL,
  `config_value` text NOT NULL,
  `config_default` text NOT NULL,
  `config_description` text NOT NULL,
  `config_required` int(1) NOT NULL DEFAULT '0',
  PRIMARY KEY (`config_id`)
) ENGINE=InnoDB  DEFAULT CHARSET=utf8 AUTO_INCREMENT=14 ;

--
-- Dumping data for table `configuration`
--

INSERT INTO `configuration` (`config_id`, `config_name`, `config_value`, `config_default`, `config_description`, `config_required`) VALUES
(1, 'elements_dir', 'elements', 'elements', '<h4>Elements Directory</h4>\r\n<p>\r\nThe directory where all your element HTML files are stored. This value is relative to the directory in which you installed the application. Do not add a trailing "/"\r\n</p>', 1),
(2, 'images_dir', 'elements/images', 'elements/images', '<h4>Image Directory</h4>\r\n<p>\r\nThis is the main directory for the images used by your elements. The images located in this directory belong to the administrator and can not be deleted by regular users. This directory needs to have <b>full read and write permissions!</b>\r\n</p>', 1),
(3, 'images_uploadDir', 'elements/images/uploads', 'elements/images/uploads', '<h4>Image Upload Directory</h4>\r\n<p>\r\nThis directory is used to store images uploaded by regular users. Each user will have his/her own directory within this directory. This directory needs to have <b>full read and write permissions!</b>.\r\n</p>', 1),
(4, 'upload_allowed_types', 'gif|jpg|png', 'gif|jpg|png', '<h4>Allowed Image Types</h4>\r\n<p>\r\nThe types of images users are allowed to upload, separated by "|".\r\n</p>', 1),
(5, 'upload_max_size', '1000', '1000', '<h4>Maximum Upload Filesize</h4>\r\n<p>\r\nThe maximum allowed filesize for images uploaded by users. This number is represents the number of kilobytes. Please note that this number of overruled by possible server settings.\r\n</p>', 1),
(6, 'upload_max_width', '1024', '1024', '<h4>Maximum Upload Width</h4>\r\n<p>\r\nThe maximum allowed width for images uploaded by users.\r\n</p>', 1),
(7, 'upload_max_height', '768', '768', '<h4>Maximum Upload Height</h4>\r\n<p>\r\nThe maximum allowed height for images uploaded by users.\r\n</p>', 1),
(8, 'images_allowedExtensions', 'jpg|png|gif|svg', 'jpg|png|gif|svg', '<h4>Allowed Extensions</h4>\r\n<p>\r\nThese allowed extensions are used when displayed the image library to the user, only these file types will be visible. \r\n</p>', 1),
(9, 'export_pathToAssets', 'elements/bootstrap|elements/css|elements/fonts|elements/images|elements/js', 'elements/bootstrap|elements/css|elements/fonts|elements/images|elements/js', '<h4>Assets Included in the export</h4>\r\n<p>\r\nThe collection of asset paths included in the export function. These paths are relative to the folder in which the application was installed and should have NO trailing "/". The paths are separated by "|".\r\n</p>', 0),
(10, 'export_fileName', 'website.zip', 'website.zip', '<h4>The Export File Name</h4>\r\n<p>\r\nThe name of the ZIP archive file downloaded when exporting a site. We recommend using the ".zip" file extension (others might work, but have not been tested).\r\n</p>', 1),
(12, 'index_page', 'index.php', 'index.php', '<h4>Index Page</h4>\r\n<p>\r\nSet to "index.php" by default. If you''d like to use pretty URLs (without "index.php" in them) leave this setting empty. If you want to use pretty URLs, don''t forget to update your ".htaccess" file as well (more information can be found in the provided documentation).\r\n</p>', 0),
(13, 'language', 'english', 'english', '<h4>Application Language</h4>\r\n<p>\r\n"english" by default. If you''re changing this to anything else, please be sure to have all required language files translated and located in the correct folder inside "/application/languages/yourlanguage".\r\n</p>', 1);

-- --------------------------------------------------------

--
-- Table structure for table `frames`
--

CREATE TABLE `frames` (
  `frames_id` int(11) NOT NULL AUTO_INCREMENT,
  `pages_id` int(11) NOT NULL,
  `sites_id` int(11) NOT NULL,
  `frames_content` text NOT NULL,
  `frames_height` int(4) NOT NULL,
  `frames_original_url` varchar(255) NOT NULL,
  `frames_timestamp` int(11) NOT NULL,
  PRIMARY KEY (`frames_id`)
) ENGINE=InnoDB  DEFAULT CHARSET=utf8 AUTO_INCREMENT=43 ;

--
-- Dumping data for table `frames`
--

INSERT INTO `frames` (`frames_id`, `pages_id`, `sites_id`, `frames_content`, `frames_height`, `frames_original_url`, `frames_timestamp`) VALUES
(26, 8, 1, '<html><head>\n    <meta charset="utf-8">\n    <title>Header</title>\n    <meta name="viewport" content="width=device-width, initial-scale=1.0">\n\n    <!-- Loading Bootstrap -->\n    <link href="bootstrap/css/bootstrap.css" rel="stylesheet">\n\n    <!-- Loading Flat UI -->\n    <link href="css/flat-ui.css" rel="stylesheet">\n    \n    <link href="css/style.css" rel="stylesheet">\n    <link href="css/style-headers.css" rel="stylesheet">\n    \n    <!-- Font Awesome -->\n    <link href="css/font-awesome.css" rel="stylesheet">\n\n    <link rel="shortcut icon" href="images/favicon.ico">\n\n    <!-- HTML5 shim, for IE6-8 support of HTML5 elements. All other JS at the end of file. -->\n    <!--[if lt IE 9]>\n      <script src="js/html5shiv.js"></script>\n      <script src="js/respond.min.js"></script>\n    <![endif]-->\n</head>\n<body class="bodyPadding">\n    \n    <div id="page" class="page">\n    \n    	<header class="item header margin-top-0 padding-bottom-0">\n    \n    		<div class="wrapper">\n    	\n    			<div class="container">\n    		\n    				<nav role="navigation" class="navbar navbar-inverse navbar-embossed navbar-lg navbar-fixed-top">\n    					\n    					<div class="container">\n    				\n    						<div class="navbar-header">\n    							<button data-target="#navbar-collapse-02" data-toggle="collapse" class="navbar-toggle" type="button">\n    								<span class="sr-only">Toggle navigation</span>\n    							</button>\n    							<a style="outline: medium none; cursor: default;" data-selector="nav a, a.edit" href="#" class="navbar-brand brand"> HTML Builder</a>\n   							</div>\n    								\n    						<div id="navbar-collapse-02" class="collapse navbar-collapse">\n    							<ul class="nav navbar-nav">			      \n    								<li class="active propClone"><a style="outline: medium none; cursor: default;" data-selector="nav a, a.edit" href="#">Home</a></li>\n    								<li class="propClone"><a style="outline: medium none; cursor: default; color: rgb(255, 255, 255); font-weight: 700; text-transform: none;" data-selector="nav a, a.edit" href="work.html">Work</a></li>\n    								<li class="propClone"><a style="outline: medium none; cursor: default; color: rgb(255, 255, 255); font-weight: 700; text-transform: none;" data-selector="nav a, a.edit" href="blog.html">Blog</a></li>\n    								<li class="propClone"><a style="outline: medium none; cursor: default;" data-selector="nav a, a.edit" href="#">Contact</a></li>\n    							</ul> 		      \n    							<ul class="nav navbar-nav navbar-right">\n    								<li class="propClone">\n    									<a style="outline: medium none; cursor: default;" data-selector="nav a, a.edit" href="#">Login <span style="outline: medium none; cursor: default;" data-selector="span.fa" class="fa fa-lock"></span></a>\n    								</li>\n    							</ul>\n    						</div><!-- /.navbar-collapse -->\n    					\n    					</div><!-- /.container -->\n    					\n    				</nav>\n    			\n    				<div class="row banner">\n    				\n    					<div class="col-md-12">\n    					\n    						<h1 style="outline: medium none; cursor: default;" data-selector="h1" class="text-center margin-top-100">\n    							Use <b>HTML Builder</b> to drag and drop your way    							\n    							<br>\n    							to a beautiful and functional site!\n    						</h1>\n    						\n    						<div class="text-center">\n    							<img style="outline: medium none; cursor: default;" data-selector="img" src="images/image1.png" alt="Image 1">\n    						</div>\n    				\n    					</div>\n    			\n    				</div><!-- /.row -->\n    		\n    			</div><!-- /.container -->\n    	\n    		</div><!-- /.wrapper -->\n    	\n    	</header><!-- /.item -->\n    \n    </div><!-- /#page -->\n\n\n    <!-- Load JS here for greater good =============================-->\n    <script src="js/jquery-1.8.3.min.js"></script>\n    <script src="js/jquery-ui-1.10.3.custom.min.js"></script>\n    <script src="js/jquery.ui.touch-punch.min.js"></script>\n    <script src="js/bootstrap.min.js"></script>\n    <script src="js/bootstrap-select.js"></script>\n    <script src="js/bootstrap-switch.js"></script>\n    <script src="js/flatui-checkbox.js"></script>\n    <script src="js/flatui-radio.js"></script>\n    <script src="js/jquery.tagsinput.js"></script>\n    <script src="js/jquery.placeholder.js"></script>\n    <script src="js/application.js"></script>\n\n\n</body></html>', 719, 'http://builderlite/elements/header5.html', 1414206124),
(27, 8, 1, '<html><head>\n    <meta charset="utf-8">\n    <title>Content</title>\n    <meta name="viewport" content="width=device-width, initial-scale=1.0">\n    \n    <meta http-equiv="Cache-Control" content="cache">\n	<meta http-equiv="Pragma" content="cache">\n	<meta http-equiv="Expires" content="1000">\n\n    <!-- Loading Bootstrap -->\n    <link href="bootstrap/css/bootstrap.css" rel="stylesheet">\n\n    <!-- Loading Flat UI -->\n    <link href="css/flat-ui.css" rel="stylesheet">\n    \n    <link href="css/style.css" rel="stylesheet">\n    <link href="css/style-content.css" rel="stylesheet">\n    \n    <!-- Font Awesome -->\n    <link href="css/font-awesome.css" rel="stylesheet">\n\n    <link rel="shortcut icon" href="images/favicon.ico">\n\n    <!-- HTML5 shim, for IE6-8 support of HTML5 elements. All other JS at the end of file. -->\n    <!--[if lt IE 9]>\n      <script src="js/html5shiv.js"></script>\n      <script src="js/respond.min.js"></script>\n    <![endif]-->\n</head>\n<body>\n    \n    <div id="page" class="page">\n    \n    	<div class="item content padding-top-0 padding-bottom-0">\n    	\n    		<div class="wrapper grey">\n    		\n    		<div class="container">\n    		\n    			<div class="row margin-bottom-60">\n    			\n    				<div class="col-md-12">\n    					\n    					<h2 style="outline: medium none; cursor: default;" data-selector="h2">Lorem ipsum dolor sit amet, consectetur adipiscing elit.</h2>\n    					\n    					<p style="outline: medium none; cursor: default;" data-selector="p" class="lead">\n    						Suspendisse potenti. Proin hendrerit ornare dictum. Quisque nunc arcu, lacinia et elit et, adipiscing malesuada felis. Nullam quam augue, euismod vitae turpis sed.\n    					</p>\n    				\n    				</div>\n    			\n    			</div><!-- /.row -->\n    		\n    			<div class="row">\n    			\n    				<div class="col-md-4 text-center">\n    				   \n    				   	<div class="col">\n    				   	\n    						<img data-selector="img" alt="" src="images/icons/brush.svg" style="width: 30%; outline: medium none; cursor: default;">\n    					\n    						<h3 style="outline: medium none; cursor: default;" data-selector="h3">Column One</h3>\n    						\n    						<p style="outline: medium none; cursor: default;" data-selector="p">\n    							Ut non lobortis est. Ut dictum scelerisque luctus. Aliquam condimentum interdum odio, et fermentum nulla pharetra in. Praesent pellentesque neque nec eros tempus, ac venenatis ante interdum.\n    						</p>\n    					\n    					</div><!-- /.col -->\n    						    					    				\n    				</div><!-- /.col-md-4 col -->\n    				\n    				<div class="col-md-4 text-center">\n    				    \n    				    <div class="col">\n    				    			\n    						<img data-selector="img" alt="" src="images/icons/dynamite.svg" style="width: 30%; outline: medium none; cursor: default;">\n    					\n    						<h3 style="outline: medium none; cursor: default;" data-selector="h3">Column Two</h3>\n    						\n    						<p style="outline: medium none; cursor: default;" data-selector="p">\n    							Ut non lobortis est. Ut dictum scelerisque luctus. Aliquam condimentum interdum odio, et fermentum nulla pharetra in. Praesent pellentesque neque nec eros tempus, ac venenatis ante interdum.\n    						</p>\n    						\n    					</div><!-- /.col -->\n    						    					    				\n    				</div><!-- /.col-md-4 col -->\n    				\n    				<div class="col-md-4 text-center">\n    				   	\n    				   	<div class="col">\n    				   				\n    						<img data-selector="img" alt="" src="images/icons/loop.svg" style="width: 30%; outline: medium none; cursor: default;">\n    					\n    						<h3 style="outline: medium none; cursor: default;" data-selector="h3">Column Three</h3>\n    						\n    						<p style="outline: medium none; cursor: default;" data-selector="p">\n    							Ut non lobortis est. Ut dictum scelerisque luctus. Aliquam condimentum interdum odio, et fermentum nulla pharetra in. Praesent pellentesque neque nec eros tempus, ac venenatis ante interdum.\n    						</p>\n    						\n    					</div><!-- /.col -->	\n    					    					    				\n    				</div><!-- /.col-md-4 col -->\n    			\n    			</div><!-- /.row -->\n    		\n    		</div><!-- /.container -->\n    		\n    		</div><!-- /.wrapper -->\n    	\n    	</div><!-- /.item -->\n    \n    </div><!-- /#page -->\n\n\n    <!-- Load JS here for greater good =============================-->\n    <script src="js/jquery-1.8.3.min.js"></script>\n    <script src="js/jquery-ui-1.10.3.custom.min.js"></script>\n    <script src="js/jquery.ui.touch-punch.min.js"></script>\n    <script src="js/bootstrap.min.js"></script>\n    <script src="js/bootstrap-select.js"></script>\n    <script src="js/bootstrap-switch.js"></script>\n    <script src="js/flatui-checkbox.js"></script>\n    <script src="js/flatui-radio.js"></script>\n    <script src="js/jquery.tagsinput.js"></script>\n    <script src="js/jquery.placeholder.js"></script>\n    <script src="js/application.js"></script>\n\n\n</body></html>', 774, 'http://builderlite/elements/content_section3.html', 1414206124),
(28, 8, 1, '<html><head>\n    <meta charset="utf-8">\n    <title>Content</title>\n    <meta name="viewport" content="width=device-width, initial-scale=1.0">\n    \n    <meta http-equiv="Cache-Control" content="cache">\n	<meta http-equiv="Pragma" content="cache">\n	<meta http-equiv="Expires" content="1000">\n\n    <!-- Loading Bootstrap -->\n    <link href="bootstrap/css/bootstrap.css" rel="stylesheet">\n\n    <!-- Loading Flat UI -->\n    <link href="css/flat-ui.css" rel="stylesheet">\n    \n    <link href="css/style.css" rel="stylesheet">\n    <link href="css/style-content.css" rel="stylesheet">\n    \n    <!-- Font Awesome -->\n    <link href="css/font-awesome.css" rel="stylesheet">\n\n    <link rel="shortcut icon" href="images/favicon.ico">\n\n    <!-- HTML5 shim, for IE6-8 support of HTML5 elements. All other JS at the end of file. -->\n    <!--[if lt IE 9]>\n      <script src="js/html5shiv.js"></script>\n      <script src="js/respond.min.js"></script>\n    <![endif]-->\n</head>\n<body>\n    \n    <div id="page" class="page">\n    \n    	<div class="item content">\n    		\n    		<div class="container">\n    		\n    			<div class="row">\n    			\n    				<div class="col-md-8">\n    				\n    					<h3 style="outline: medium none; cursor: default;" data-selector="h3">Aenean varius lorem at dui condimentum convallis</h3>\n    					\n    					<p style="outline: medium none; cursor: default;" data-selector="p">\n    						Ut non lobortis est. Ut dictum scelerisque luctus. Aliquam condimentum interdum odio, et fermentum nulla pharetra in. Praesent pellentesque neque nec eros tempus, ac venenatis ante interdum. Vivamus viverra est dolor, non placerat nunc commodo sed\n    					</p>\n    					\n    					<br>\n    					\n    					<div class="row">\n    						\n    						<div class="col-md-6">\n    						\n    							<iframe src="http://player.vimeo.com/video/93620598?badge=0" webkitallowfullscreen="" mozallowfullscreen="" allowfullscreen="" frameborder="0" height="auto" width="100%"></iframe>\n    						\n    						</div>\n    						\n    						<div class="col-md-6">\n    						\n    							<h5>A Little Video</h5>\n    							\n    							<p style="outline: medium none; cursor: default;" data-selector="p">\n    								Can go a long way to make your content come alive! Hear hear! <a href="">Learn more</a>\n    							</p>\n    						\n    						</div>\n    					\n    					</div>\n    				\n    				</div><!-- ./col-md-8 -->\n    				\n    				<div class="col-md-4">\n    					\n    					<br>\n    					\n    					<blockquote>\n    						<p style="outline: medium none; cursor: default;" data-selector="p">Cum sociis natoque penatibus et magnis dis parturient montes, nascetur ridiculus mus. </p>\n    						<small>Steve Jobs, CEO Apple</small>\n    					</blockquote>\n    					\n    					<br>\n    					\n    					<a style="outline: medium none; cursor: default;" data-selector="a.btn" href="#" class="btn btn-primary btn-embossed btn-block margin-bottom-20"><span style="outline: medium none; cursor: default;" data-selector="span.fa" class="fa fa-linkedin-square"></span> Do Something Now!</a>\n    					\n    					<a style="outline: medium none; cursor: default;" data-selector="a.btn" href="#" class="btn btn-default btn-embossed btn-block"><span style="outline: medium none; cursor: default;" data-selector="span.fa" class="fa fa-google-plus-square"></span> Do Something Else Next!</a>\n    				\n    				</div><!-- /.col-md-4 -->\n    			\n    			</div><!-- /.row -->\n    		\n    		</div><!-- /.container -->\n    	\n    	</div><!-- /.item -->\n    \n    </div><!-- /#page -->\n\n\n    <!-- Load JS here for greater good =============================-->\n    <script src="js/jquery-1.8.3.min.js"></script>\n    <script src="js/jquery-ui-1.10.3.custom.min.js"></script>\n    <script src="js/jquery.ui.touch-punch.min.js"></script>\n    <script src="js/bootstrap.min.js"></script>\n    <script src="js/bootstrap-select.js"></script>\n    <script src="js/bootstrap-switch.js"></script>\n    <script src="js/flatui-checkbox.js"></script>\n    <script src="js/flatui-radio.js"></script>\n    <script src="js/jquery.tagsinput.js"></script>\n    <script src="js/jquery.placeholder.js"></script>\n    <script src="js/application.js"></script>\n\n\n</body></html>', 481, 'http://builderlite/elements/content_section1.html', 1414206124),
(29, 8, 1, '<html><head>\n    <meta charset="utf-8">\n    <title>Contact</title>\n    <meta name="viewport" content="width=device-width, initial-scale=1.0">\n\n    <!-- Loading Bootstrap -->\n    <link href="bootstrap/css/bootstrap.css" rel="stylesheet">\n\n    <!-- Loading Flat UI -->\n    <link href="css/flat-ui.css" rel="stylesheet">\n    \n    <link href="css/style.css" rel="stylesheet">\n    <link href="css/style-contact.css" rel="stylesheet">\n    \n    <!-- Font Awesome -->\n    <link href="css/font-awesome.css" rel="stylesheet">\n\n    <link rel="shortcut icon" href="images/favicon.ico">\n\n    <!-- HTML5 shim, for IE6-8 support of HTML5 elements. All other JS at the end of file. -->\n    <!--[if lt IE 9]>\n      <script src="js/html5shiv.js"></script>\n      <script src="js/respond.min.js"></script>\n    <![endif]-->\n</head>\n<body>\n    \n    <div id="page" class="page">\n    \n    	<div class="item contact padding-top-0 padding-bottom-0">\n    	\n    		<div class="wrapper grey">\n    	\n    			<div class="container">\n    		\n    				<div class="col-md-5">\n    			\n    					<h3 style="outline: medium none; cursor: default;" data-selector="h3" class="margin-bottom-40">Get in touch! We''re here for you...</h3>\n    				\n    					<form role="form">\n    				\n    						<div class="form-group">\n    				    		<input class="form-control input-lg" id="name" name="name" placeholder="Your name *" type="text">\n    				  		</div>\n    				  	    				  	\n    				  		<div class="form-group">\n    				  			<input class="form-control input-lg" id="email" name="email" placeholder="Your email *" type="email">\n    				  		</div>\n    				  	\n    				  		<div class="form-group">\n    				  			<input class="form-control input-lg" id="phone" name="phone" placeholder="Your phone number" type="phone">\n    				  		</div>\n    				  		\n    				  		<div class="form-group">\n    				  			<textarea class="form-control" rows="4" placeholder="Add comment..."></textarea>\n    				  		</div>\n    				  \n    				    	<label class="checkbox checked" for="checkbox1">\n    				 			<span class="icons"><span class="first-icon fui-checkbox-unchecked"></span><span class="second-icon fui-checkbox-checked"></span></span><input checked="" value="" id="checkbox1" data-toggle="checkbox" type="checkbox">\n    				    		Keep me in the loop\n    				  		</label>\n    				  	\n    				  		<hr>\n    				  	\n    				  		<button type="submit" class="btn btn-primary btn-embossed btn-lg btn-wide">Submit contact form</button>\n    				\n    					</form>\n    			\n    				</div><!-- /.col-md-5 -->\n    			\n    				<div class="col-md-6 col-md-offset-1">\n    			\n    					<h5>Other ways to get in touch:</h5>\n    				\n    					<p style="outline: medium none; cursor: default;" data-selector="p" class="text-light margin-bottom-40">\n    						Nulla non enim leo. Fusce ut magna ut neque gravida elementum eget id ante. Cras pharetra ligula sed risus congue, non iaculis ligula mollis. \n    					</p>\n    				\n    					<p style="outline: medium none; cursor: default;" data-selector="p">\n    						<b class="chead"><span style="outline: medium none; cursor: default;" data-selector="span.fa" class="fa fa-map-marker"></span>ADDRESS</b><br>\n    					\n    						234 Somewhere Street<br>\n    						Somewhere Town<br>\n    						10100 Planet Earth\n    					</p>\n    				\n    					<p style="outline: medium none; cursor: default;" data-selector="p">\n    						<b class="chead"><span style="outline: medium none; cursor: default;" data-selector="span.fa" class="fa fa-phone"></span> PHONE</b><br>\n    						012 3456 7890\n    					</p>\n    				\n    					<p style="outline: medium none; cursor: default;" data-selector="p">\n    						<b class="chead"><span style="outline: medium none; cursor: default;" data-selector="span.fa" class="fa fa-envelope"></span> EMAIL</b><br>\n    						<a href="#">info@something.com</a>\n    					</p>\n    			\n    				</div><!-- /.col-md-6 -->\n    		\n    			</div><!-- /.container -->\n    		\n    		</div><!-- /.wrapper -->\n    	\n    	</div><!-- /.item -->\n    \n    </div><!-- /#page -->\n\n\n    <!-- Load JS here for greater good =============================-->\n    <script src="js/jquery-1.8.3.min.js"></script>\n    <script src="js/jquery-ui-1.10.3.custom.min.js"></script>\n    <script src="js/jquery.ui.touch-punch.min.js"></script>\n    <script src="js/bootstrap.min.js"></script>\n    <script src="js/bootstrap-select.js"></script>\n    <script src="js/bootstrap-switch.js"></script>\n    <script src="js/flatui-checkbox.js"></script>\n    <script src="js/flatui-radio.js"></script>\n    <script src="js/jquery.tagsinput.js"></script>\n    <script src="js/jquery.placeholder.js"></script>\n    <script src="js/application.js"></script>\n\n\n</body></html>', 691, 'http://builderlite/elements/contact1.html', 1414206124),
(30, 8, 1, '<html><head>\n    <meta charset="utf-8">\n    <title>Footer</title>\n    <meta name="viewport" content="width=device-width, initial-scale=1.0">\n\n    <!-- Loading Bootstrap -->\n    <link href="bootstrap/css/bootstrap.css" rel="stylesheet">\n\n    <!-- Loading Flat UI -->\n    <link href="css/flat-ui.css" rel="stylesheet">\n    \n    <link href="css/style.css" rel="stylesheet">\n    <link href="css/style-footers.css" rel="stylesheet">\n    \n    <!-- Font Awesome -->\n    <link href="css/font-awesome.css" rel="stylesheet">\n\n    <link rel="shortcut icon" href="images/favicon.ico">\n\n    <!-- HTML5 shim, for IE6-8 support of HTML5 elements. All other JS at the end of file. -->\n    <!--[if lt IE 9]>\n      <script src="js/html5shiv.js"></script>\n      <script src="js/respond.min.js"></script>\n    <![endif]-->\n</head>\n<body>\n    \n    <div id="page" class="page">\n    \n    	<div class="footerWrapper">\n    \n    	<div class="item footer dark">\n    	    	\n    		<div class="container">\n   				<div class="row">\n 					<div class="col-md-6 col-md-offset-3 text-center social">\n 						\n 						<h2 style="outline: medium none; cursor: default;" data-selector="h2">We are HTML Builder!</h2>\n 						\n 						<span>We''re social, come meet and meet us:</span><br>\n 						<a href="#"><span style="outline: medium none; cursor: default;" data-selector="span.fa" class="fa fa-facebook-square"></span></a>\n 						<a href="#"><span style="outline: medium none; cursor: default;" data-selector="span.fa" class="fa fa-twitter-square"></span></a>\n 						<a href="#"><span style="outline: medium none; cursor: default;" data-selector="span.fa" class="fa fa-linkedin-square"></span></a>\n 						<a href="#"><span style="outline: medium none; cursor: default;" data-selector="span.fa" class="fa fa-github-square"></span></a>\n 						<a href="#"><span style="outline: medium none; cursor: default;" data-selector="span.fa" class="fa fa-google-plus-square"></span></a>\n 						<a href="#"><span style="outline: medium none; cursor: default;" data-selector="span.fa" class="fa fa-pinterest-square"></span></a>\n 						<a href="#"><span style="outline: medium none; cursor: default;" data-selector="span.fa" class="fa fa-reddit-square"></span></a>\n 					</div><!-- /.col -->\n   				</div><!-- /.row -->\n   			</div>\n    		    	\n    	</div><!-- /.item -->\n    	\n    	</div><!-- /.footerWrapper -->\n    \n    </div><!-- /#page -->\n\n\n    <!-- Load JS here for greater good =============================-->\n    <script src="js/jquery-1.8.3.min.js"></script>\n    <script src="js/jquery-ui-1.10.3.custom.min.js"></script>\n    <script src="js/jquery.ui.touch-punch.min.js"></script>\n    <script src="js/bootstrap.min.js"></script>\n    <script src="js/bootstrap-select.js"></script>\n    <script src="js/bootstrap-switch.js"></script>\n    <script src="js/flatui-checkbox.js"></script>\n    <script src="js/flatui-radio.js"></script>\n    <script src="js/jquery.tagsinput.js"></script>\n    <script src="js/jquery.placeholder.js"></script>\n    <script src="js/application.js"></script>\n\n\n</body></html>', 320, 'http://builderlite/elements/footer3.html', 1414206124),
(31, 9, 1, '<html><head>\n    <meta charset="utf-8">\n    <title>Header</title>\n    <meta name="viewport" content="width=device-width, initial-scale=1.0">\n\n    <!-- Loading Bootstrap -->\n    <link href="bootstrap/css/bootstrap.css" rel="stylesheet">\n\n    <!-- Loading Flat UI -->\n    <link href="css/flat-ui.css" rel="stylesheet">\n    \n    <link href="css/style.css" rel="stylesheet">\n    <link href="css/style-headers.css" rel="stylesheet">\n    \n    <!-- Font Awesome -->\n    <link href="css/font-awesome.css" rel="stylesheet">\n\n    <link rel="shortcut icon" href="images/favicon.ico">\n\n    <!-- HTML5 shim, for IE6-8 support of HTML5 elements. All other JS at the end of file. -->\n    <!--[if lt IE 9]>\n      <script src="js/html5shiv.js"></script>\n      <script src="js/respond.min.js"></script>\n    <![endif]-->\n</head>\n<body>\n    \n    <div id="page" class="page">\n    \n    	<div class="item header padding-bottom-0">\n    \n    		<div class="wrapper">\n    	\n    			<div class="container">\n    		\n    				<nav role="navigation" class="navbar plain">\n    					<div class="navbar-header">\n    						<button data-target="#navbar-collapse-02" data-toggle="collapse" class="navbar-toggle" type="button">\n    							<span class="sr-only">Toggle navigation</span>\n    						</button>\n    						<a style="outline: medium none; cursor: default;" data-selector="nav a, a.edit" href="#" class="navbar-brand"><img data-selector="img" alt="" src="images/icons/brush.svg" style="height: 45px; outline: medium none; cursor: default;"> HTML Builder</a>\n    						</div>\n    								\n    					<div id="navbar-collapse-02" class="collapse navbar-collapse">\n    						<ul class="nav navbar-nav navbar-right">			      \n    							<li class="active propClone"><a style="outline: medium none; cursor: default; color: rgb(127, 140, 141); font-weight: 400; text-transform: uppercase;" data-selector="nav a, a.edit" href="index.html">Home</a></li>\n    							<li class="propClone"><a style="outline: medium none; cursor: default;" data-selector="nav a, a.edit" href="#">Work</a></li>\n    							<li class="propClone"><a style="outline: medium none; cursor: default; color: rgb(127, 140, 141); font-weight: 400; text-transform: uppercase;" data-selector="nav a, a.edit" href="blog.html">Blog</a></li>\n    							<li class="propClone"><a style="outline: medium none; cursor: default;" data-selector="nav a, a.edit" href="#">Contact</a></li>\n    						</ul> 		      \n    					</div><!-- /.navbar-collapse -->\n    				</nav>\n    		\n    			</div><!-- /.container -->\n    	\n    		</div><!-- /.wrpaper -->\n    \n    		<header class="wrapper grey">\n    	\n    			<div class="container">\n    		    			\n    				<div class="row banner2">\n    			\n    					<div class="col-md-7">\n    					\n    						<h1 style="outline: medium none; cursor: default;" data-selector="h1">Vestibulum pellentesque nunc ac porta</h1>\n    					\n    						<p style="outline: medium none; cursor: default;" data-selector="p">\n    							Proin ullamcorper non neque nec lacinia. Praesent sodales libero accumsan pulvinar tempus. Proin nec lacus enim. Vivamus ullamcorper iaculis arcu et semper. Nulla venenatis nibh sed ligula placerat bibendum. Suspendisse malesuada enim eget elit congue rutrum.\n    						</p>\n    					\n    						<a style="outline: medium none; cursor: default;" data-selector="a.btn" href="#" class="btn btn-primary btn-embossed btn-wide"><span style="outline: medium none; cursor: default;" data-selector="span.fa" class="fa fa-arrow-circle-o-right"></span> Learn more</a>\n    				\n    					</div>\n    			\n    				</div><!-- /.row -->\n    		\n    			</div><!-- /.container -->\n    	\n    		</header></div><!-- /.wrapper -->\n    \n    	<!-- /.item -->\n\n	</div><!-- /#page -->\n\n    <!-- Load JS here for greater good =============================-->\n    <script src="js/jquery-1.8.3.min.js"></script>\n    <script src="js/jquery-ui-1.10.3.custom.min.js"></script>\n    <script src="js/jquery.ui.touch-punch.min.js"></script>\n    <script src="js/bootstrap.min.js"></script>\n    <script src="js/bootstrap-select.js"></script>\n    <script src="js/bootstrap-switch.js"></script>\n    <script src="js/flatui-checkbox.js"></script>\n    <script src="js/flatui-radio.js"></script>\n    <script src="js/jquery.tagsinput.js"></script>\n    <script src="js/jquery.placeholder.js"></script>\n    <script src="js/application.js"></script>\n\n\n</body></html>', 498, 'http://builderlite/elements/header2.html', 1414206124),
(32, 9, 1, '<html><head>\n    <meta charset="utf-8">\n    <title>Portfolio</title>\n    <meta name="viewport" content="width=device-width, initial-scale=1.0">\n\n    <!-- Loading Bootstrap -->\n    <link href="bootstrap/css/bootstrap.css" rel="stylesheet">\n\n    <!-- Loading Flat UI -->\n    <link href="css/flat-ui.css" rel="stylesheet">\n    \n    <link href="css/style.css" rel="stylesheet">\n    <link href="css/style-portfolios.css" rel="stylesheet">\n    \n    <!-- Font Awesome -->\n    <link href="css/font-awesome.css" rel="stylesheet">\n\n    <link rel="shortcut icon" href="images/favicon.ico">\n\n    <!-- HTML5 shim, for IE6-8 support of HTML5 elements. All other JS at the end of file. -->\n    <!--[if lt IE 9]>\n      <script src="js/html5shiv.js"></script>\n      <script src="js/respond.min.js"></script>\n    <![endif]-->\n</head>\n<body>\n    \n    <div id="page" class="page">\n    \n    	<div class="item portfolio">\n    		\n    		<div class="container">\n    		\n    			<div class="row margin-bottom-40">\n    			\n    				<div class="col-md-12">\n    				\n    					<p style="outline: medium none; cursor: default;" data-selector="p" class="lead text-center">\n    						We''re awesome - some of our work below\n    					</p>\n    				\n    				</div><!-- /.col-md-12 -->\n    			\n    			</div><!-- /.row -->\n    		    		\n    			<div class="row margin-bottom-20">\n    			\n    				<div class="col-md-3">\n    				   \n    					<p style="outline: medium none; cursor: default;" data-selector="p"><img style="outline: medium none; cursor: default;" data-selector="img" src="images/portfolio1.jpg" class="img-rounded width-100" alt="" id="testImage"></p>\n    						    					    				\n    				</div><!-- /.col-md-3 col -->\n    				\n    				<div class="col-md-3">\n    				   \n    				   	<a href="" class="over">\n    				   		<img style="outline: medium none; cursor: default;" data-selector="img" src="images/portfolio2.jpg" class="img-rounded width-100" alt="">\n    				   		<span class="overlay"><span class="fui-eye"></span></span>\n    				   	</a>\n    						    					    				\n    				</div><!-- /.col-md-3 col -->\n    				\n    				<div class="col-md-3">\n    				   \n    				   	<a href="" class="over">\n    				   		<img style="outline: medium none; cursor: default;" data-selector="img" src="images/portfolio3.jpg" class="img-rounded width-100" alt="">\n    				   		<span class="overlay"><span class="fui-eye"></span></span>\n    				   	</a>\n    						    					    				\n    				</div><!-- /.col-md-3 col -->\n    				\n    				<div class="col-md-3">\n    				   \n    				   	<a href="" class="over">\n    				   		<img style="outline: medium none; cursor: default;" data-selector="img" src="images/portfolio4.jpg" class="img-rounded width-100" alt="">\n    				   		<span class="overlay"><span class="fui-eye"></span></span>\n    				   	</a>\n    						    					    				\n    				</div><!-- /.col-md-3 col -->\n    			\n    			</div><!-- /.row -->\n    			\n    			<div class="row margin-bottom-20">\n    			\n    				<div class="col-md-3">\n    				   \n    				   	<a href="" class="over">\n    				   		<img style="outline: medium none; cursor: default;" data-selector="img" src="images/portfolio5.jpg" class="img-rounded width-100" alt="">\n    				   		<span class="overlay"><span class="fui-eye"></span></span>\n    				   	</a>\n    						    					    				\n    				</div><!-- /.col-md-3 col -->\n    				\n    				<div class="col-md-3">\n    				   \n    				   	<a href="" class="over">\n    				   		<img style="outline: medium none; cursor: default;" data-selector="img" src="images/portfolio6.jpg" class="img-rounded width-100" alt="">\n    				   		<span class="overlay"><span class="fui-eye"></span></span>\n    				   	</a>\n    						    					    				\n    				</div><!-- /.col-md-3 col -->\n    				\n    				<div class="col-md-3">\n    				   \n    				   	<a href="" class="over">\n    				   		<img style="outline: medium none; cursor: default;" data-selector="img" src="images/portfolio7.jpg" class="img-rounded width-100" alt="">\n    				   		<span class="overlay"><span class="fui-eye"></span></span>\n    				   	</a>\n    						    					    				\n    				</div><!-- /.col-md-3 col -->\n    				\n    				<div class="col-md-3">\n    				   \n    				   	<a href="" class="over">\n    				   		<img style="outline: medium none; cursor: default;" data-selector="img" src="images/portfolio8.jpg" class="img-rounded width-100" alt="">\n    				   		<span class="overlay"><span class="fui-eye"></span></span>\n    				   	</a>\n    						    					    				\n    				</div><!-- /.col-md-3 col -->\n    			\n    			</div><!-- /.row -->\n    		\n    		</div><!-- /.container -->\n    	\n    	</div><!-- /.item -->\n    \n    </div><!-- /#page -->\n\n\n    <!-- Load JS here for greater good =============================-->\n    <script src="js/jquery-1.8.3.min.js"></script>\n    <script src="js/jquery-ui-1.10.3.custom.min.js"></script>\n    <script src="js/jquery.ui.touch-punch.min.js"></script>\n    <script src="js/bootstrap.min.js"></script>\n    <script src="js/bootstrap-select.js"></script>\n    <script src="js/bootstrap-switch.js"></script>\n    <script src="js/flatui-checkbox.js"></script>\n    <script src="js/flatui-radio.js"></script>\n    <script src="js/jquery.tagsinput.js"></script>\n    <script src="js/jquery.placeholder.js"></script>\n    <script src="js/application.js"></script>\n\n\n</body></html>', 814, 'http://builderlite/elements/portfolio2.html', 1414206124),
(33, 9, 1, '<html><head>\n    <meta charset="utf-8">\n    <title>Footer</title>\n    <meta name="viewport" content="width=device-width, initial-scale=1.0">\n\n    <!-- Loading Bootstrap -->\n    <link href="bootstrap/css/bootstrap.css" rel="stylesheet">\n\n    <!-- Loading Flat UI -->\n    <link href="css/flat-ui.css" rel="stylesheet">\n    \n    <link href="css/style.css" rel="stylesheet">\n    <link href="css/style-footers.css" rel="stylesheet">\n    \n    <!-- Font Awesome -->\n    <link href="css/font-awesome.css" rel="stylesheet">\n\n    <link rel="shortcut icon" href="images/favicon.ico">\n\n    <!-- HTML5 shim, for IE6-8 support of HTML5 elements. All other JS at the end of file. -->\n    <!--[if lt IE 9]>\n      <script src="js/html5shiv.js"></script>\n      <script src="js/respond.min.js"></script>\n    <![endif]-->\n</head>\n<body>\n    \n    <div id="page" class="page">\n    \n    	<div class="footerWrapper">\n    \n    	<div class="item footer dark">\n    	    	\n    		<div class="container">\n   				<div class="row">\n 					<div class="col-md-6 col-md-offset-3 text-center social">\n 						\n 						<h2 style="outline: medium none; cursor: default;" data-selector="h2">We are HTML Builder!</h2>\n 						\n 						<span>We''re social, come meet and meet us:</span><br>\n 						<a href="#"><span style="outline: medium none; cursor: default;" data-selector="span.fa" class="fa fa-facebook-square"></span></a>\n 						<a href="#"><span style="outline: medium none; cursor: default;" data-selector="span.fa" class="fa fa-twitter-square"></span></a>\n 						<a href="#"><span style="outline: medium none; cursor: default;" data-selector="span.fa" class="fa fa-linkedin-square"></span></a>\n 						<a href="#"><span style="outline: medium none; cursor: default;" data-selector="span.fa" class="fa fa-github-square"></span></a>\n 						<a href="#"><span style="outline: medium none; cursor: default;" data-selector="span.fa" class="fa fa-google-plus-square"></span></a>\n 						<a href="#"><span style="outline: medium none; cursor: default;" data-selector="span.fa" class="fa fa-pinterest-square"></span></a>\n 						<a href="#"><span style="outline: medium none; cursor: default;" data-selector="span.fa" class="fa fa-reddit-square"></span></a>\n 					</div><!-- /.col -->\n   				</div><!-- /.row -->\n   			</div>\n    		    	\n    	</div><!-- /.item -->\n    	\n    	</div><!-- /.footerWrapper -->\n    \n    </div><!-- /#page -->\n\n\n    <!-- Load JS here for greater good =============================-->\n    <script src="js/jquery-1.8.3.min.js"></script>\n    <script src="js/jquery-ui-1.10.3.custom.min.js"></script>\n    <script src="js/jquery.ui.touch-punch.min.js"></script>\n    <script src="js/bootstrap.min.js"></script>\n    <script src="js/bootstrap-select.js"></script>\n    <script src="js/bootstrap-switch.js"></script>\n    <script src="js/flatui-checkbox.js"></script>\n    <script src="js/flatui-radio.js"></script>\n    <script src="js/jquery.tagsinput.js"></script>\n    <script src="js/jquery.placeholder.js"></script>\n    <script src="js/application.js"></script>\n\n\n</body></html>', 320, 'http://builderlite/elements/footer3.html', 1414206124),
(34, 10, 1, '<html><head>\n    <meta charset="utf-8">\n    <title>Header</title>\n    <meta name="viewport" content="width=device-width, initial-scale=1.0">\n\n    <!-- Loading Bootstrap -->\n    <link href="bootstrap/css/bootstrap.css" rel="stylesheet">\n\n    <!-- Loading Flat UI -->\n    <link href="css/flat-ui.css" rel="stylesheet">\n    \n    <link href="css/style.css" rel="stylesheet">\n    <link href="css/style-headers.css" rel="stylesheet">\n    \n    <!-- Font Awesome -->\n    <link href="css/font-awesome.css" rel="stylesheet">\n\n    <link rel="shortcut icon" href="images/favicon.ico">\n\n    <!-- HTML5 shim, for IE6-8 support of HTML5 elements. All other JS at the end of file. -->\n    <!--[if lt IE 9]>\n      <script src="js/html5shiv.js"></script>\n      <script src="js/respond.min.js"></script>\n    <![endif]-->\n</head>\n<body>\n    \n    <div id="page" class="page">\n    \n    	<div class="item header padding-top-0 padding-bottom-0">\n    \n    		<header class="wrapper image image1">\n    	\n    			<div class="bg bg1"></div>\n    	\n    			<div class="container">\n    		    			\n    				<div class="row banner2">\n    			\n    					<div class="col-md-5">\n    					\n    						<h1 style="outline: medium none; cursor: default;" data-selector="h1">Vestibulum pellentesque nunc</h1>\n    					\n    						<p style="outline: medium none; cursor: default;" data-selector="p">\n    							Proin ullamcorper non neque nec lacinia. Praesent sodales libero accumsan pulvinar tempus. Proin nec lacus enim. Vivamus ullamcorper iaculis arcu et semper. Nulla venenatis nibh sed ligula placerat bibendum. Suspendisse malesuada enim eget elit congue rutrum.\n    						</p>\n    					\n    						<a style="outline: medium none; cursor: default;" data-selector="a.btn" href="#" class="btn btn-default btn-lg btn-wide"><span style="outline: medium none; cursor: default;" data-selector="span.fa" class="fa fa-info"></span> Learn more</a>\n    						\n    						<a style="outline: medium none; cursor: default;" data-selector="a.btn" href="#" class="btn btn-primary btn-lg btn-wide"><span style="outline: medium none; cursor: default;" data-selector="span.fa" class="fa fa-sign-in"></span> Sign up</a>\n    				\n    					</div>\n    			\n    				</div><!-- /.row -->\n    		\n    			</div><!-- /.container -->\n    	\n    		</header></div><!-- /.wrapper -->\n    \n    	<!-- /.item -->\n\n	</div><!-- /#page -->\n\n    <!-- Load JS here for greater good =============================-->\n    <script src="js/jquery-1.8.3.min.js"></script>\n    <script src="js/jquery-ui-1.10.3.custom.min.js"></script>\n    <script src="js/jquery.ui.touch-punch.min.js"></script>\n    <script src="js/bootstrap.min.js"></script>\n    <script src="js/bootstrap-select.js"></script>\n    <script src="js/bootstrap-switch.js"></script>\n    <script src="js/flatui-checkbox.js"></script>\n    <script src="js/flatui-radio.js"></script>\n    <script src="js/jquery.tagsinput.js"></script>\n    <script src="js/jquery.placeholder.js"></script>\n    <script src="js/application.js"></script>\n\n\n</body></html>', 959, 'http://builderlite/elements/header3.html', 1414206124);
INSERT INTO `frames` (`frames_id`, `pages_id`, `sites_id`, `frames_content`, `frames_height`, `frames_original_url`, `frames_timestamp`) VALUES
(35, 10, 1, '<html><head>\n    <meta charset="utf-8">\n    <title>Content</title>\n    <meta name="viewport" content="width=device-width, initial-scale=1.0">\n    \n    <meta http-equiv="Cache-Control" content="cache">\n	<meta http-equiv="Pragma" content="cache">\n	<meta http-equiv="Expires" content="1000">\n\n    <!-- Loading Bootstrap -->\n    <link href="bootstrap/css/bootstrap.css" rel="stylesheet">\n\n    <!-- Loading Flat UI -->\n    <link href="css/flat-ui.css" rel="stylesheet">\n    \n    <link href="css/style.css" rel="stylesheet">\n    <link href="css/style-content.css" rel="stylesheet">\n    \n    <!-- Font Awesome -->\n    <link href="css/font-awesome.css" rel="stylesheet">\n\n    <link rel="shortcut icon" href="images/favicon.ico">\n\n    <!-- HTML5 shim, for IE6-8 support of HTML5 elements. All other JS at the end of file. -->\n    <!--[if lt IE 9]>\n      <script src="js/html5shiv.js"></script>\n      <script src="js/respond.min.js"></script>\n    <![endif]-->\n</head>\n<body>\n    \n    <div id="page" class="page">\n    \n    	<div class="item content padding-bottom-60">\n    		\n    		<div class="container">\n    		    		\n    			<div class="row">\n    			\n    				<div class="col-md-8 col-md-offset-2">\n    				       				   	\n    				   	<ul class="nav nav-tabs nav-append-content">\n    						<li class="active"><a href="#tab1">Cras ullamcorper</a></li>\n   							<li><a href="#tab2">Etiam ac est</a></li>\n    						<li><a href="#tab3">Phasellus eu sodales</a></li>\n    					</ul> <!-- /tabs -->\n    				   	\n    					<div class="tab-content tabs">\n    						<div class="tab-pane active" id="tab1">\n   								\n   								<div class="row">\n   								\n   									<div class="col-md-6">\n   										<div class="row">\n   											<div class="col-md-3">\n   												<img style="outline: medium none; cursor: default;" data-selector="img" alt="" src="images/icons/shield.svg">\n   											</div><!-- /.col -->\n   											<div class="col-md-9">\n   												<h5>Donec suscipit sit amet lorem</h5>\n   												<p style="outline: medium none; cursor: default;" data-selector="p">\n   													Cras ullamcorper egestas dictum. Duis non orci vitae libero auctor malesuada. Etiam ac est a dolor aliquam venenatis.\n   												</p>\n   											</div><!-- /.col -->\n   										</div>\n   									</div><!-- /.col -->\n   									\n   									<div class="col-md-6">\n   										<div class="row">\n   											<div class="col-md-3">\n   												<img style="outline: medium none; cursor: default;" data-selector="img" alt="" src="images/icons/brush.svg">\n   											</div><!-- /.col -->\n   											<div class="col-md-9">\n   												<h5>Vivamus at risus nec nisl</h5>\n   												<p style="outline: medium none; cursor: default;" data-selector="p">\n   													Cras ullamcorper egestas dictum. Duis non orci vitae libero auctor malesuada. Etiam ac est a dolor aliquam venenatis.\n   												</p>\n   											</div><!-- /.col -->\n   										</div>\n   									</div><!-- /.col -->\n   								\n   								</div><!-- /.row -->\n   								\n   								<div class="row">\n   								\n   									<div class="col-md-6">\n   										<div class="row">\n   											<div class="col-md-3">\n   												<img style="outline: medium none; cursor: default;" data-selector="img" alt="" src="images/icons/building.svg">\n   											</div><!-- /.col -->\n   											<div class="col-md-9">\n   												<h5>Praesent vel rhoncus tellus</h5>\n   												<p style="outline: medium none; cursor: default;" data-selector="p">\n   													Cras ullamcorper egestas dictum. Duis non orci vitae libero auctor malesuada. Etiam ac est a dolor aliquam venenatis.\n   												</p>\n   											</div><!-- /.col -->\n   										</div>\n   									</div><!-- /.col -->\n   									\n   									<div class="col-md-6">\n   										<div class="row">\n   											<div class="col-md-3">\n   												<img style="outline: medium none; cursor: default;" data-selector="img" alt="" src="images/icons/compas.svg">\n   											</div><!-- /.col -->\n   											<div class="col-md-9">\n   												<h5>Integer euismod est mi</h5>\n   												<p style="outline: medium none; cursor: default;" data-selector="p">\n   													Cras ullamcorper egestas dictum. Duis non orci vitae libero auctor malesuada. Etiam ac est a dolor aliquam venenatis.\n   												</p>\n   											</div><!-- /.col -->\n   										</div>\n   									</div><!-- /.col -->\n   								\n   								</div><!-- /.row -->\n   								\n   								<div class="row">\n   								\n   									<div class="col-md-6">\n   										<div class="row">\n   											<div class="col-md-3">\n   												<img style="outline: medium none; cursor: default;" data-selector="img" alt="" src="images/icons/flask.svg">\n   											</div><!-- /.col -->\n   											<div class="col-md-9">\n   												<h5>Curabitur suscipit massa</h5>\n   												<p style="outline: medium none; cursor: default;" data-selector="p">\n   													Cras ullamcorper egestas dictum. Duis non orci vitae libero auctor malesuada. Etiam ac est a dolor aliquam venenatis.\n   												</p>\n   											</div><!-- /.col -->\n   										</div>\n   									</div><!-- /.col -->\n   									\n   									<div class="col-md-6">\n   										<div class="row">\n   											<div class="col-md-3">\n   												<img style="outline: medium none; cursor: default;" data-selector="img" alt="" src="images/icons/paper-bag.svg">\n   											</div><!-- /.col -->\n   											<div class="col-md-9">\n   												<h5>Mauris accumsan dolor</h5>\n   												<p style="outline: medium none; cursor: default;" data-selector="p">\n   													Cras ullamcorper egestas dictum. Duis non orci vitae libero auctor malesuada. Etiam ac est a dolor aliquam venenatis.\n   												</p>\n   											</div><!-- /.col -->\n   										</div>\n   									</div><!-- /.col -->\n   								\n   								</div><!-- /.row -->\n   								\n    						</div><!-- /.tab-pane -->\n    				   	\n    						<div class="tab-pane" id="tab2">\n    							\n    							<div class="row">\n    							\n    								<div class="col-md-6">\n    									<div class="row">\n    										<div class="col-md-3">\n    											<img style="outline: medium none; cursor: default;" data-selector="img" alt="" src="images/icons/building.svg">\n    										</div><!-- /.col -->\n    										<div class="col-md-9">\n    											<h5>Praesent vel rhoncus tellus</h5>\n    											<p style="outline: medium none; cursor: default;" data-selector="p">\n    												Cras ullamcorper egestas dictum. Duis non orci vitae libero auctor malesuada. Etiam ac est a dolor aliquam venenatis.\n    											</p>\n    										</div><!-- /.col -->\n    									</div>\n    								</div><!-- /.col -->\n    								\n    								<div class="col-md-6">\n    									<div class="row">\n    										<div class="col-md-3">\n    											<img style="outline: medium none; cursor: default;" data-selector="img" alt="" src="images/icons/compas.svg">\n    										</div><!-- /.col -->\n    										<div class="col-md-9">\n    											<h5>Integer euismod est mi</h5>\n    											<p style="outline: medium none; cursor: default;" data-selector="p">\n    												Cras ullamcorper egestas dictum. Duis non orci vitae libero auctor malesuada. Etiam ac est a dolor aliquam venenatis.\n    											</p>\n    										</div><!-- /.col -->\n    									</div>\n    								</div><!-- /.col -->\n    							\n    							</div><!-- /.row -->\n    							\n    							<div class="row">\n    							\n    								<div class="col-md-6">\n    									<div class="row">\n    										<div class="col-md-3">\n    											<img style="outline: medium none; cursor: default;" data-selector="img" alt="" src="images/icons/flask.svg">\n    										</div><!-- /.col -->\n    										<div class="col-md-9">\n    											<h5>Curabitur suscipit massa</h5>\n    											<p style="outline: medium none; cursor: default;" data-selector="p">\n    												Cras ullamcorper egestas dictum. Duis non orci vitae libero auctor malesuada. Etiam ac est a dolor aliquam venenatis.\n    											</p>\n    										</div><!-- /.col -->\n    									</div>\n    								</div><!-- /.col -->\n    								\n    								<div class="col-md-6">\n    									<div class="row">\n    										<div class="col-md-3">\n    											<img style="outline: medium none; cursor: default;" data-selector="img" alt="" src="images/icons/paper-bag.svg">\n    										</div><!-- /.col -->\n    										<div class="col-md-9">\n    											<h5>Mauris accumsan dolor</h5>\n    											<p style="outline: medium none; cursor: default;" data-selector="p">\n    												Cras ullamcorper egestas dictum. Duis non orci vitae libero auctor malesuada. Etiam ac est a dolor aliquam venenatis.\n    											</p>\n    										</div><!-- /.col -->\n    									</div>\n    								</div><!-- /.col -->\n    							\n    							</div><!-- /.row -->\n    							\n    							<div class="row">\n    							\n    								<div class="col-md-6">\n    									<div class="row">\n    										<div class="col-md-3">\n    											<img style="outline: medium none; cursor: default;" data-selector="img" alt="" src="images/icons/shield.svg">\n    										</div><!-- /.col -->\n    										<div class="col-md-9">\n    											<h5>Donec suscipit sit amet lorem</h5>\n    											<p style="outline: medium none; cursor: default;" data-selector="p">\n    												Cras ullamcorper egestas dictum. Duis non orci vitae libero auctor malesuada. Etiam ac est a dolor aliquam venenatis.\n    											</p>\n    										</div><!-- /.col -->\n    									</div>\n    								</div><!-- /.col -->\n    								\n    								<div class="col-md-6">\n    									<div class="row">\n    										<div class="col-md-3">\n    											<img style="outline: medium none; cursor: default;" data-selector="img" alt="" src="images/icons/brush.svg">\n    										</div><!-- /.col -->\n    										<div class="col-md-9">\n    											<h5>Vivamus at risus nec nisl</h5>\n    											<p style="outline: medium none; cursor: default;" data-selector="p">\n    												Cras ullamcorper egestas dictum. Duis non orci vitae libero auctor malesuada. Etiam ac est a dolor aliquam venenatis.\n    											</p>\n    										</div><!-- /.col -->\n    									</div>\n    								</div><!-- /.col -->\n    							\n    							</div><!-- /.row -->\n    							\n    						</div><!-- /.tab-pane -->\n    				   	\n    						<div class="tab-pane" id="tab3">\n    							\n    							<div class="row">\n    							\n    								<div class="col-md-6">\n    									<div class="row">\n    										<div class="col-md-3">\n    											<img style="outline: medium none; cursor: default;" data-selector="img" alt="" src="images/icons/shield.svg">\n    										</div><!-- /.col -->\n    										<div class="col-md-9">\n    											<h5>Donec suscipit sit amet lorem</h5>\n    											<p style="outline: medium none; cursor: default;" data-selector="p">\n    												Cras ullamcorper egestas dictum. Duis non orci vitae libero auctor malesuada. Etiam ac est a dolor aliquam venenatis.\n    											</p>\n    										</div><!-- /.col -->\n    									</div>\n    								</div><!-- /.col -->\n    								\n    								<div class="col-md-6">\n    									<div class="row">\n    										<div class="col-md-3">\n    											<img style="outline: medium none; cursor: default;" data-selector="img" alt="" src="images/icons/brush.svg">\n    										</div><!-- /.col -->\n    										<div class="col-md-9">\n    											<h5>Vivamus at risus nec nisl</h5>\n    											<p style="outline: medium none; cursor: default;" data-selector="p">\n    												Cras ullamcorper egestas dictum. Duis non orci vitae libero auctor malesuada. Etiam ac est a dolor aliquam venenatis.\n    											</p>\n    										</div><!-- /.col -->\n    									</div>\n    								</div><!-- /.col -->\n    							\n    							</div><!-- /.row -->\n    							\n    							<div class="row">\n    							\n    								<div class="col-md-6">\n    									<div class="row">\n    										<div class="col-md-3">\n    											<img style="outline: medium none; cursor: default;" data-selector="img" alt="" src="images/icons/flask.svg">\n    										</div><!-- /.col -->\n    										<div class="col-md-9">\n    											<h5>Curabitur suscipit massa</h5>\n    											<p style="outline: medium none; cursor: default;" data-selector="p">\n    												Cras ullamcorper egestas dictum. Duis non orci vitae libero auctor malesuada. Etiam ac est a dolor aliquam venenatis.\n    											</p>\n    										</div><!-- /.col -->\n    									</div>\n    								</div><!-- /.col -->\n    								\n    								<div class="col-md-6">\n    									<div class="row">\n    										<div class="col-md-3">\n    											<img style="outline: medium none; cursor: default;" data-selector="img" alt="" src="images/icons/paper-bag.svg">\n    										</div><!-- /.col -->\n    										<div class="col-md-9">\n    											<h5>Mauris accumsan dolor</h5>\n    											<p style="outline: medium none; cursor: default;" data-selector="p">\n    												Cras ullamcorper egestas dictum. Duis non orci vitae libero auctor malesuada. Etiam ac est a dolor aliquam venenatis.\n    											</p>\n    										</div><!-- /.col -->\n    									</div>\n    								</div><!-- /.col -->\n    							\n    							</div><!-- /.row -->\n    							\n    							<div class="row">\n    							\n    								<div class="col-md-6">\n    									<div class="row">\n    										<div class="col-md-3">\n    											<img style="outline: medium none; cursor: default;" data-selector="img" alt="" src="images/icons/building.svg">\n    										</div><!-- /.col -->\n    										<div class="col-md-9">\n    											<h5>Praesent vel rhoncus tellus</h5>\n    											<p style="outline: medium none; cursor: default;" data-selector="p">\n    												Cras ullamcorper egestas dictum. Duis non orci vitae libero auctor malesuada. Etiam ac est a dolor aliquam venenatis.\n    											</p>\n    										</div><!-- /.col -->\n    									</div>\n    								</div><!-- /.col -->\n    								\n    								<div class="col-md-6">\n    									<div class="row">\n    										<div class="col-md-3">\n    											<img style="outline: medium none; cursor: default;" data-selector="img" alt="" src="images/icons/compas.svg">\n    										</div><!-- /.col -->\n    										<div class="col-md-9">\n    											<h5>Integer euismod est mi</h5>\n    											<p style="outline: medium none; cursor: default;" data-selector="p">\n    												Cras ullamcorper egestas dictum. Duis non orci vitae libero auctor malesuada. Etiam ac est a dolor aliquam venenatis.\n    											</p>\n    										</div><!-- /.col -->\n    									</div>\n    								</div><!-- /.col -->\n    							\n    							</div><!-- /.row -->\n    							\n    						</div>\n    					</div> <!-- /tab-content -->\n    					    						    					    				\n    				</div><!-- /.col-md-4 col -->\n    			\n    			</div><!-- /.row -->\n    		\n    		</div><!-- /.container -->\n    	\n    	</div><!-- /.item -->\n    \n    </div><!-- /#page -->\n\n\n    <!-- Load JS here for greater good =============================-->\n    <script src="js/jquery-1.8.3.min.js"></script>\n    <script src="js/jquery-ui-1.10.3.custom.min.js"></script>\n    <script src="js/jquery.ui.touch-punch.min.js"></script>\n    <script src="js/bootstrap.min.js"></script>\n    <script src="js/bootstrap-select.js"></script>\n    <script src="js/bootstrap-switch.js"></script>\n    <script src="js/flatui-checkbox.js"></script>\n    <script src="js/flatui-radio.js"></script>\n    <script src="js/jquery.tagsinput.js"></script>\n    <script src="js/jquery.placeholder.js"></script>\n    <script src="js/application.js"></script>\n\n\n</body></html>', 725, 'http://builderlite/elements/content_section8.html', 1414206124),
(36, 10, 1, '<html><head>\n    <meta charset="utf-8">\n    <title>Footer</title>\n    <meta name="viewport" content="width=device-width, initial-scale=1.0">\n\n    <!-- Loading Bootstrap -->\n    <link href="bootstrap/css/bootstrap.css" rel="stylesheet">\n\n    <!-- Loading Flat UI -->\n    <link href="css/flat-ui.css" rel="stylesheet">\n    \n    <link href="css/style.css" rel="stylesheet">\n    <link href="css/style-footers.css" rel="stylesheet">\n    \n    <!-- Font Awesome -->\n    <link href="css/font-awesome.css" rel="stylesheet">\n\n    <link rel="shortcut icon" href="images/favicon.ico">\n\n    <!-- HTML5 shim, for IE6-8 support of HTML5 elements. All other JS at the end of file. -->\n    <!--[if lt IE 9]>\n      <script src="js/html5shiv.js"></script>\n      <script src="js/respond.min.js"></script>\n    <![endif]-->\n</head>\n<body>\n    \n    <div id="page" class="page">\n    \n    	<div class="footerWrapper">\n    \n    	<div class="item footer dark">\n    	    	\n    		<div class="container">\n   				<div class="row">\n 					<div class="col-md-6 col-md-offset-3 text-center social">\n 						\n 						<h2 style="outline: medium none; cursor: default;" data-selector="h2">We are HTML Builder!</h2>\n 						\n 						<span>We''re social, come meet and meet us:</span><br>\n 						<a href="#"><span style="outline: medium none; cursor: default;" data-selector="span.fa" class="fa fa-facebook-square"></span></a>\n 						<a href="#"><span style="outline: medium none; cursor: default;" data-selector="span.fa" class="fa fa-twitter-square"></span></a>\n 						<a href="#"><span style="outline: medium none; cursor: default;" data-selector="span.fa" class="fa fa-linkedin-square"></span></a>\n 						<a href="#"><span style="outline: medium none; cursor: default;" data-selector="span.fa" class="fa fa-github-square"></span></a>\n 						<a href="#"><span style="outline: medium none; cursor: default;" data-selector="span.fa" class="fa fa-google-plus-square"></span></a>\n 						<a href="#"><span style="outline: medium none; cursor: default;" data-selector="span.fa" class="fa fa-pinterest-square"></span></a>\n 						<a href="#"><span style="outline: medium none; cursor: default;" data-selector="span.fa" class="fa fa-reddit-square"></span></a>\n 					</div><!-- /.col -->\n   				</div><!-- /.row -->\n   			</div>\n    		    	\n    	</div><!-- /.item -->\n    	\n    	</div><!-- /.footerWrapper -->\n    \n    </div><!-- /#page -->\n\n\n    <!-- Load JS here for greater good =============================-->\n    <script src="js/jquery-1.8.3.min.js"></script>\n    <script src="js/jquery-ui-1.10.3.custom.min.js"></script>\n    <script src="js/jquery.ui.touch-punch.min.js"></script>\n    <script src="js/bootstrap.min.js"></script>\n    <script src="js/bootstrap-select.js"></script>\n    <script src="js/bootstrap-switch.js"></script>\n    <script src="js/flatui-checkbox.js"></script>\n    <script src="js/flatui-radio.js"></script>\n    <script src="js/jquery.tagsinput.js"></script>\n    <script src="js/jquery.placeholder.js"></script>\n    <script src="js/application.js"></script>\n\n\n</body></html>', 320, 'http://builderlite/elements/footer3.html', 1414206124),
(37, 11, 2, '<html><head>\n    <meta charset="utf-8">\n    <title>Header</title>\n    <meta name="viewport" content="width=device-width, initial-scale=1.0">\n\n    <!-- Loading Bootstrap -->\n    <link href="bootstrap/css/bootstrap.css" rel="stylesheet">\n\n    <!-- Loading Flat UI -->\n    <link href="css/flat-ui.css" rel="stylesheet">\n    \n    <link href="css/style.css" rel="stylesheet">\n    <link href="css/style-headers.css" rel="stylesheet">\n    \n    <!-- Font Awesome -->\n    <link href="css/font-awesome.css" rel="stylesheet">\n\n    <link rel="shortcut icon" href="images/favicon.ico">\n\n    <!-- HTML5 shim, for IE6-8 support of HTML5 elements. All other JS at the end of file. -->\n    <!--[if lt IE 9]>\n      <script src="js/html5shiv.js"></script>\n      <script src="js/respond.min.js"></script>\n    <![endif]-->\n</head>\n<body class="">\n    \n    <div id="page" class="page">\n    \n    	<header class="item header margin-top-0 dark">\n    \n    		<div class="wrapper">\n    	\n    			<div class="container">\n    		\n    				<nav role="navigation" class="navbar plain margin-top-20">\n    				\n    					<div class="navbar-header">\n    						<button data-target="#navbar-collapse-02" data-toggle="collapse" class="navbar-toggle" type="button">\n    							<span class="sr-only">Toggle navigation</span>\n    						</button>\n    						<a href="#" class="navbar-brand" style="line-height: 60px;"><img alt="" src="images/icons/brush.svg" style="height: 60px;"> HTML Builder</a>\n    						</div>\n    								\n    					<div id="navbar-collapse-02" class="collapse navbar-collapse">\n    						<ul class="nav navbar-nav navbar-right">			      \n    							<li class="active propClone"><a href="#">Home</a></li>\n    							<li class="propClone"><a href="#">Work</a></li>\n    							<li class="propClone"><a href="#">Blog</a></li>\n    							<li class="propClone"><a href="#">Contact</a></li>\n    						</ul> 		      \n    					</div><!-- /.navbar-collapse -->\n    					\n    				</nav>\n    			\n    				<div class="row banner">\n    				\n    					<div class="col-md-8 col-md-offset-2">\n    					\n    						<div id="myCarousel" class="carousel carousel2 slide carousel-fade" data-interval="false">\n    							<!-- Wrapper for slides -->\n    						  	<div class="carousel-inner">\n    						    	<div class="item active">\n    						    		<div class="row">\n    						    			<div class="col-md-5">\n    						    				<h3>Slideshow Heading One</h3>\n    						    				<p>\n    						    					Proin aliquet luctus magna at convallis. Donec vitae urna ac nibh commodo dapibus. Nulla facilisi.\n    						    				</p>\n    						    				<p>\n    						    					<a href="#" class="btn btn-primary btn-embossed btn-wide"><span class="fa fa-cube"></span> &nbsp;Learn More</a>\n    						    				</p>\n    						    			</div>\n    						    			<div class="col-md-5 col-md-offset-2">\n    						    				<img src="images/carousel/image-01.jpg" alt="">\n    						    			</div>\n    						    		</div><!-- /.row -->\n    						    	</div>\n    						    	<div class="item">\n    						      		<div class="row">\n    						      			<div class="col-md-5">\n    						      				<h3>Slideshow Heading Two</h3>\n    						      				<p>\n    						      					Proin aliquet luctus magna at convallis. Donec vitae urna ac nibh commodo dapibus. Nulla facilisi.\n    						      				</p>\n    						      				<p>\n    						      					<a href="#" class="btn btn-primary btn-embossed btn-wide"><span class="fa fa-cube"></span> &nbsp;Learn More</a>\n    						      				</p>\n    						      			</div>\n    						      			<div class="col-md-5 col-md-offset-2">\n    						      				<img src="images/carousel/image-02.jpg" alt="">\n    						      			</div>\n    						      		</div><!-- /.row -->\n    						    	</div>\n    						    	<div class="item">\n    						      		<div class="row">\n    						      			<div class="col-md-5">\n    						      				<h3>Slideshow Heading Three</h3>\n    						      				<p>\n    						      					Proin aliquet luctus magna at convallis. Donec vitae urna ac nibh commodo dapibus. Nulla facilisi.\n    						      				</p>\n    						      				<p>\n    						      					<a href="#" class="btn btn-primary btn-embossed btn-wide"><span class="fa fa-cube"></span> &nbsp;Learn More</a>\n    						      				</p>\n    						      			</div>\n    						      			<div class="col-md-5 col-md-offset-2">\n    						      				<img src="images/carousel/image-03.jpg" alt="">\n    						      			</div>\n    						      		</div><!-- /.row -->\n    						    	</div>\n    						  	</div>\n    						  	<!-- Controls -->\n    						  	<a class="left carousel-control fui-arrow-left" href="#myCarousel" data-slide="prev"></a>\n    						  	<a class="right carousel-control fui-arrow-right" href="#myCarousel" data-slide="next"></a>\n    						</div>\n    				\n    					</div>\n    			\n    				</div><!-- /.row -->\n    		\n    			</div><!-- /.container -->\n    	\n    		</div><!-- /.wrapper -->\n    	\n    	</header><!-- /.item -->\n    \n    </div><!-- /#page -->\n\n\n    <!-- Load JS here for greater good =============================-->\n    <script src="js/jquery-1.8.3.min.js"></script>\n    <script src="js/jquery-ui-1.10.3.custom.min.js"></script>\n    <script src="js/jquery.ui.touch-punch.min.js"></script>\n    <script src="js/bootstrap.min.js"></script>\n    <script src="js/bootstrap-select.js"></script>\n    <script src="js/bootstrap-switch.js"></script>\n    <script src="js/flatui-checkbox.js"></script>\n    <script src="js/flatui-radio.js"></script>\n    <script src="js/jquery.tagsinput.js"></script>\n    <script src="js/jquery.placeholder.js"></script>\n    <script src="js/application.js"></script>\n\n\n</body></html>', 740, 'http://builderlite/elements/header7.html', 1414206212),
(38, 11, 2, '<html><head>\n    <meta charset="utf-8">\n    <title>Divider</title>\n    <meta name="viewport" content="width=device-width, initial-scale=1.0">\n\n    <!-- Loading Bootstrap -->\n    <link href="bootstrap/css/bootstrap.css" rel="stylesheet">\n\n    <!-- Loading Flat UI -->\n    <link href="css/flat-ui.css" rel="stylesheet">\n    \n    <link href="css/style.css" rel="stylesheet">\n    <link href="css/style-dividers.css" rel="stylesheet">\n    \n    <!-- Font Awesome -->\n    <link href="css/font-awesome.css" rel="stylesheet">\n\n    <link rel="shortcut icon" href="images/favicon.ico">\n\n    <!-- HTML5 shim, for IE6-8 support of HTML5 elements. All other JS at the end of file. -->\n    <!--[if lt IE 9]>\n      <script src="js/html5shiv.js"></script>\n      <script src="js/respond.min.js"></script>\n    <![endif]-->\n</head>\n<body class="bodyPaddingLess">\n    \n    <div id="page" class="page">\n        \n    	<div class="container">\n    	\n    		<div class="col-md-12" style="height: 120px;">\n        \n    			    		\n    		</div><!-- /.col -->\n    		\n    	</div><!-- /.container -->\n    	    	\n    </div><!-- /#page -->\n\n\n    <!-- Load JS here for greater good =============================-->\n    <script src="js/jquery-1.8.3.min.js"></script>\n    <script src="js/jquery-ui-1.10.3.custom.min.js"></script>\n    <script src="js/jquery.ui.touch-punch.min.js"></script>\n    <script src="js/bootstrap.min.js"></script>\n    <script src="js/bootstrap-select.js"></script>\n    <script src="js/bootstrap-switch.js"></script>\n    <script src="js/flatui-checkbox.js"></script>\n    <script src="js/flatui-radio.js"></script>\n    <script src="js/jquery.tagsinput.js"></script>\n    <script src="js/jquery.placeholder.js"></script>\n    <script src="js/application.js"></script>\n\n\n</body></html>', 120, 'http://builderlite/elements/divider7.html', 1414206212),
(39, 11, 2, '<html><head>\n    <meta charset="utf-8">\n    <title>Content</title>\n    <meta name="viewport" content="width=device-width, initial-scale=1.0">\n    \n    <meta http-equiv="Cache-Control" content="cache">\n	<meta http-equiv="Pragma" content="cache">\n	<meta http-equiv="Expires" content="1000">\n\n    <!-- Loading Bootstrap -->\n    <link href="bootstrap/css/bootstrap.css" rel="stylesheet">\n\n    <!-- Loading Flat UI -->\n    <link href="css/flat-ui.css" rel="stylesheet">\n    \n    <link href="css/style.css" rel="stylesheet">\n    <link href="css/style-content.css" rel="stylesheet">\n    \n    <!-- Font Awesome -->\n    <link href="css/font-awesome.css" rel="stylesheet">\n\n    <link rel="shortcut icon" href="images/favicon.ico">\n\n    <!-- HTML5 shim, for IE6-8 support of HTML5 elements. All other JS at the end of file. -->\n    <!--[if lt IE 9]>\n      <script src="js/html5shiv.js"></script>\n      <script src="js/respond.min.js"></script>\n    <![endif]-->\n</head>\n<body>\n    \n    <div id="page" class="page">\n    \n    	<div class="item content">\n    		\n    		<div class="container">\n    		    		\n    			<div class="row">\n    			\n    				<div class="col-md-8 col-md-offset-2 text-center">\n    				\n    					<img alt="" src="images/icons/brush.svg" class="margin-bottom-20" style="width: 150px;">\n    					\n    					<h2>\n    						Nullam eu lectus id turpis eleifend tincidunt.\n    					</h2>\n    					\n    					<p>\n    						Aliquam cursus odio ac est dictum porttitor. Nulla scelerisque, elit a volutpat molestie, urna purus sagittis urna, sed lobortis libero urna et erat. Curabitur lobortis, libero at gravida tristique\n    					</p>\n    					\n    					<br><br>\n    					\n    					<div class="row">\n    					\n    						<div class="col-md-6">\n    						\n    							<div class="row margin-bottom-20">\n    							\n    								<div class="col-md-2">\n    									<span class="fa fa-dashboard" style="font-size: 24px;"></span>\n    								</div>\n    								\n    								<div class="col-md-10 text-left">\n    									<p>\n    										Curabitur id quam et lacus interdum iaculis vitae et nisi. Nam varius molestie lorem vel feugiat. Aliquam massa nulla, tincidunt eu felis at, gravida vestibulum quam. Integer non diam nibh.\n    									</p>\n    								</div>\n    							\n    							</div><!-- /.row -->\n    							\n    							<div class="row margin-bottom-20">\n    							\n    								<div class="col-md-2">\n    									<span class="fa fa-calendar" style="font-size: 24px;"></span>\n    								</div>\n    								\n    								<div class="col-md-10 text-left">\n    									<p>\n    										Morbi ultricies eros malesuada vulputate faucibus. Cras sed sem pretium, eleifend ipsum at, venenatis neque. Integer vitae lectus metus. Ut tincidunt mi at laoreet laoreet.\n    									</p>\n    								</div>\n    							\n    							</div><!-- /.row -->\n    						\n    						</div><!-- /.col-md-6 -->\n    						\n    						<div class="col-md-6">\n    						\n    							<div class="row margin-bottom-20">\n    							\n    								<div class="col-md-2">\n    									<span class="fa fa-bar-chart" style="font-size: 24px;"></span>\n    								</div>\n    								\n    								<div class="col-md-10 text-left">\n    									<p>\n    										Curabitur id quam et lacus interdum iaculis vitae et nisi. Nam varius molestie lorem vel feugiat. Aliquam massa nulla, tincidunt eu felis at, gravida vestibulum quam. Integer non diam nibh.\n    									</p>\n    								</div>\n    							\n    							</div><!-- /.row -->\n    							\n    							<div class="row margin-bottom-20">\n    							\n    								<div class="col-md-2">\n    									<span class="fa fa-thumbs-up" style="font-size: 24px;"></span>\n    								</div>\n    								\n    								<div class="col-md-10 text-left">\n    									<p>\n    										Nullam eu lectus id turpis eleifend tincidunt. Aliquam cursus odio ac est dictum porttitor. Nulla scelerisque, elit a volutpat molestie, urna purus sagittis urna, sed lobortis libero urna et erat. \n    									</p>\n    								</div>\n    							\n    							</div><!-- /.row -->\n    						\n    						</div><!-- /.col-md-6 -->\n    					\n    					</div><!-- ./row -->\n    				\n    				</div><!-- /.col-md-6 -->\n    			\n    			</div><!-- /.row -->\n    		\n    		</div><!-- /.container -->\n    	\n    	</div><!-- /.item -->\n    \n    </div><!-- /#page -->\n\n\n    <!-- Load JS here for greater good =============================-->\n    <script src="js/jquery-1.8.3.min.js"></script>\n    <script src="js/jquery-ui-1.10.3.custom.min.js"></script>\n    <script src="js/jquery.ui.touch-punch.min.js"></script>\n    <script src="js/bootstrap.min.js"></script>\n    <script src="js/bootstrap-select.js"></script>\n    <script src="js/bootstrap-switch.js"></script>\n    <script src="js/flatui-checkbox.js"></script>\n    <script src="js/flatui-radio.js"></script>\n    <script src="js/jquery.tagsinput.js"></script>\n    <script src="js/jquery.placeholder.js"></script>\n    <script src="js/application.js"></script>\n\n\n</body></html>', 846, 'http://builderlite/elements/content_section5.html', 1414206212),
(40, 11, 2, '<html><head>\n    <meta charset="utf-8">\n    <title>Divider</title>\n    <meta name="viewport" content="width=device-width, initial-scale=1.0">\n\n    <!-- Loading Bootstrap -->\n    <link href="bootstrap/css/bootstrap.css" rel="stylesheet">\n\n    <!-- Loading Flat UI -->\n    <link href="css/flat-ui.css" rel="stylesheet">\n    \n    <link href="css/style.css" rel="stylesheet">\n    <link href="css/style-dividers.css" rel="stylesheet">\n    \n    <!-- Font Awesome -->\n    <link href="css/font-awesome.css" rel="stylesheet">\n\n    <link rel="shortcut icon" href="images/favicon.ico">\n\n    <!-- HTML5 shim, for IE6-8 support of HTML5 elements. All other JS at the end of file. -->\n    <!--[if lt IE 9]>\n      <script src="js/html5shiv.js"></script>\n      <script src="js/respond.min.js"></script>\n    <![endif]-->\n</head>\n<body class="bodyPaddingLess">\n    \n    <div id="page" class="page">\n    \n    	<div class="container">\n    	\n    		<div class="col-md-12">\n    \n    			<div class="divider dotted">\n    	\n    				<span>divider text</span>\n    	\n    			</div><!-- /.divider -->\n    		\n    		</div><!-- /.col -->\n    		\n    	</div><!-- /.container -->\n    	\n    </div><!-- /#page -->\n\n\n    <!-- Load JS here for greater good =============================-->\n    <script src="js/jquery-1.8.3.min.js"></script>\n    <script src="js/jquery-ui-1.10.3.custom.min.js"></script>\n    <script src="js/jquery.ui.touch-punch.min.js"></script>\n    <script src="js/bootstrap.min.js"></script>\n    <script src="js/bootstrap-select.js"></script>\n    <script src="js/bootstrap-switch.js"></script>\n    <script src="js/flatui-checkbox.js"></script>\n    <script src="js/flatui-radio.js"></script>\n    <script src="js/jquery.tagsinput.js"></script>\n    <script src="js/jquery.placeholder.js"></script>\n    <script src="js/application.js"></script>\n\n\n</body></html>', 170, 'http://builderlite/elements/divider3.html', 1414206212),
(41, 11, 2, '<html><head>\n    <meta charset="utf-8">\n    <title>Contact</title>\n    <meta name="viewport" content="width=device-width, initial-scale=1.0">\n\n    <!-- Loading Bootstrap -->\n    <link href="bootstrap/css/bootstrap.css" rel="stylesheet">\n\n    <!-- Loading Flat UI -->\n    <link href="css/flat-ui.css" rel="stylesheet">\n    \n    <link href="css/style.css" rel="stylesheet">\n    <link href="css/style-contact.css" rel="stylesheet">\n    \n    <!-- Font Awesome -->\n    <link href="css/font-awesome.css" rel="stylesheet">\n\n    <link rel="shortcut icon" href="images/favicon.ico">\n\n    <!-- HTML5 shim, for IE6-8 support of HTML5 elements. All other JS at the end of file. -->\n    <!--[if lt IE 9]>\n      <script src="js/html5shiv.js"></script>\n      <script src="js/respond.min.js"></script>\n    <![endif]-->\n</head>\n<body>\n    \n    <div id="page" class="page">\n    \n    	<div class="item contact padding-top-0 padding-bottom-0">\n    	\n    		<div class="wrapper grey">\n    	\n    			<div class="container">\n    		\n    				<div class="col-md-5">\n    			\n    					<h3 class="margin-bottom-40">Get in touch! We''re here for you...</h3>\n    				\n    					<form role="form">\n    				\n    						<div class="form-group">\n    				    		<input class="form-control input-lg" id="name" name="name" placeholder="Your name *" type="text">\n    				  		</div>\n    				  	    				  	\n    				  		<div class="form-group">\n    				  			<input class="form-control input-lg" id="email" name="email" placeholder="Your email *" type="email">\n    				  		</div>\n    				  	\n    				  		<div class="form-group">\n    				  			<input class="form-control input-lg" id="phone" name="phone" placeholder="Your phone number" type="phone">\n    				  		</div>\n    				  		\n    				  		<div class="form-group">\n    				  			<textarea class="form-control" rows="4" placeholder="Add comment..."></textarea>\n    				  		</div>\n    				  \n    				    	<label class="checkbox checked" for="checkbox1">\n    				 			<span class="icons"><span class="first-icon fui-checkbox-unchecked"></span><span class="second-icon fui-checkbox-checked"></span></span><input checked="" value="" id="checkbox1" data-toggle="checkbox" type="checkbox">\n    				    		Keep me in the loop\n    				  		</label>\n    				  	\n    				  		<hr>\n    				  	\n    				  		<button type="submit" class="btn btn-primary btn-embossed btn-lg btn-wide">Submit contact form</button>\n    				\n    					</form>\n    			\n    				</div><!-- /.col-md-5 -->\n    			\n    				<div class="col-md-6 col-md-offset-1">\n    			\n    					<h5>Other ways to get in touch:</h5>\n    				\n    					<p class="text-light margin-bottom-40">\n    						Nulla non enim leo. Fusce ut magna ut neque gravida elementum eget id ante. Cras pharetra ligula sed risus congue, non iaculis ligula mollis. \n    					</p>\n    				\n    					<p>\n    						<b class="chead"><span class="fa fa-map-marker"></span>ADDRESS</b><br>\n    					\n    						234 Somewhere Street<br>\n    						Somewhere Town<br>\n    						10100 Planet Earth\n    					</p>\n    				\n    					<p>\n    						<b class="chead"><span class="fa fa-phone"></span> PHONE</b><br>\n    						012 3456 7890\n    					</p>\n    				\n    					<p>\n    						<b class="chead"><span class="fa fa-envelope"></span> EMAIL</b><br>\n    						<a href="#">info@something.com</a>\n    					</p>\n    			\n    				</div><!-- /.col-md-6 -->\n    		\n    			</div><!-- /.container -->\n    		\n    		</div><!-- /.wrapper -->\n    	\n    	</div><!-- /.item -->\n    \n    </div><!-- /#page -->\n\n\n    <!-- Load JS here for greater good =============================-->\n    <script src="js/jquery-1.8.3.min.js"></script>\n    <script src="js/jquery-ui-1.10.3.custom.min.js"></script>\n    <script src="js/jquery.ui.touch-punch.min.js"></script>\n    <script src="js/bootstrap.min.js"></script>\n    <script src="js/bootstrap-select.js"></script>\n    <script src="js/bootstrap-switch.js"></script>\n    <script src="js/flatui-checkbox.js"></script>\n    <script src="js/flatui-radio.js"></script>\n    <script src="js/jquery.tagsinput.js"></script>\n    <script src="js/jquery.placeholder.js"></script>\n    <script src="js/application.js"></script>\n\n\n</body></html>', 691, 'http://builderlite/elements/contact1.html', 1414206212),
(42, 11, 2, '<html><head>\n    <meta charset="utf-8">\n    <title>Footer</title>\n    <meta name="viewport" content="width=device-width, initial-scale=1.0">\n\n    <!-- Loading Bootstrap -->\n    <link href="bootstrap/css/bootstrap.css" rel="stylesheet">\n\n    <!-- Loading Flat UI -->\n    <link href="css/flat-ui.css" rel="stylesheet">\n    \n    <link href="css/style.css" rel="stylesheet">\n    <link href="css/style-footers.css" rel="stylesheet">\n    \n    <!-- Font Awesome -->\n    <link href="css/font-awesome.css" rel="stylesheet">\n\n    <link rel="shortcut icon" href="images/favicon.ico">\n\n    <!-- HTML5 shim, for IE6-8 support of HTML5 elements. All other JS at the end of file. -->\n    <!--[if lt IE 9]>\n      <script src="js/html5shiv.js"></script>\n      <script src="js/respond.min.js"></script>\n    <![endif]-->\n</head>\n<body>\n    \n    <div id="page" class="page">\n    \n    	<div class="footerWrapper">\n    \n    	<div class="item footer dark">\n    	    	\n    		<div class="container">\n   				<div class="row">\n 					<div class="col-md-6 col-md-offset-3 text-center social">\n 						\n 						<h2>We are HTML Builder!</h2>\n 						\n 						<span>We''re social, come meet and meet us:</span><br>\n 						<a href="#"><span class="fa fa-facebook-square"></span></a>\n 						<a href="#"><span class="fa fa-twitter-square"></span></a>\n 						<a href="#"><span class="fa fa-linkedin-square"></span></a>\n 						<a href="#"><span class="fa fa-github-square"></span></a>\n 						<a href="#"><span class="fa fa-google-plus-square"></span></a>\n 						<a href="#"><span class="fa fa-pinterest-square"></span></a>\n 						<a href="#"><span class="fa fa-reddit-square"></span></a>\n 					</div><!-- /.col -->\n   				</div><!-- /.row -->\n   			</div>\n    		    	\n    	</div><!-- /.item -->\n    	\n    	</div><!-- /.footerWrapper -->\n    \n    </div><!-- /#page -->\n\n\n    <!-- Load JS here for greater good =============================-->\n    <script src="js/jquery-1.8.3.min.js"></script>\n    <script src="js/jquery-ui-1.10.3.custom.min.js"></script>\n    <script src="js/jquery.ui.touch-punch.min.js"></script>\n    <script src="js/bootstrap.min.js"></script>\n    <script src="js/bootstrap-select.js"></script>\n    <script src="js/bootstrap-switch.js"></script>\n    <script src="js/flatui-checkbox.js"></script>\n    <script src="js/flatui-radio.js"></script>\n    <script src="js/jquery.tagsinput.js"></script>\n    <script src="js/jquery.placeholder.js"></script>\n    <script src="js/application.js"></script>\n\n\n</body></html>', 320, 'http://builderlite/elements/footer3.html', 1414206212);

-- --------------------------------------------------------

--
-- Table structure for table `groups`
--

CREATE TABLE `groups` (
  `id` mediumint(8) unsigned NOT NULL AUTO_INCREMENT,
  `name` varchar(20) NOT NULL,
  `description` varchar(100) NOT NULL,
  PRIMARY KEY (`id`)
) ENGINE=InnoDB  DEFAULT CHARSET=utf8 AUTO_INCREMENT=3 ;

--
-- Dumping data for table `groups`
--

INSERT INTO `groups` (`id`, `name`, `description`) VALUES
(1, 'admin', 'Administrator'),
(2, 'members', 'General User');

-- --------------------------------------------------------

--
-- Table structure for table `login_attempts`
--

CREATE TABLE `login_attempts` (
  `id` int(11) unsigned NOT NULL AUTO_INCREMENT,
  `ip_address` varchar(15) NOT NULL,
  `login` varchar(100) NOT NULL,
  `time` int(11) unsigned DEFAULT NULL,
  PRIMARY KEY (`id`)
) ENGINE=InnoDB DEFAULT CHARSET=utf8 AUTO_INCREMENT=1 ;

-- --------------------------------------------------------

--
-- Table structure for table `pages`
--

CREATE TABLE `pages` (
  `pages_id` int(11) NOT NULL AUTO_INCREMENT,
  `sites_id` int(11) NOT NULL,
  `pages_name` varchar(255) NOT NULL,
  `pages_timestamp` int(11) NOT NULL,
  `pages_title` varchar(255) NOT NULL,
  `pages_meta_keywords` text NOT NULL,
  `pages_meta_description` text NOT NULL,
  `pages_header_includes` text NOT NULL,
  PRIMARY KEY (`pages_id`)
) ENGINE=InnoDB  DEFAULT CHARSET=utf8 AUTO_INCREMENT=12 ;

--
-- Dumping data for table `pages`
--

INSERT INTO `pages` (`pages_id`, `sites_id`, `pages_name`, `pages_timestamp`, `pages_title`, `pages_meta_keywords`, `pages_meta_description`, `pages_header_includes`) VALUES
(8, 1, 'index', 1414206124, '', '', '', ''),
(9, 1, 'work', 1414206124, '', '', '', ''),
(10, 1, 'blog', 1414206124, '', '', '', ''),
(11, 2, 'index', 1414206212, '', '', '', '');

-- --------------------------------------------------------

--
-- Table structure for table `sites`
--

CREATE TABLE `sites` (
  `sites_id` int(11) NOT NULL AUTO_INCREMENT,
  `users_id` int(11) NOT NULL,
  `sites_name` varchar(255) NOT NULL,
  `sites_created_on` varchar(100) NOT NULL,
  `sites_lastupdate_on` varchar(100) NOT NULL,
  `ftp_server` varchar(255) NOT NULL,
  `ftp_user` varchar(255) NOT NULL,
  `ftp_password` varchar(255) NOT NULL,
  `ftp_path` varchar(255) NOT NULL DEFAULT '/',
  `ftp_port` int(8) NOT NULL DEFAULT '21',
  `ftp_ok` int(1) NOT NULL,
  `ftp_published` int(1) NOT NULL DEFAULT '0',
  `remote_url` varchar(255) NOT NULL,
  `sites_trashed` int(1) NOT NULL DEFAULT '0',
  PRIMARY KEY (`sites_id`)
) ENGINE=InnoDB  DEFAULT CHARSET=utf8 AUTO_INCREMENT=3 ;

--
-- Dumping data for table `sites`
--

INSERT INTO `sites` (`sites_id`, `users_id`, `sites_name`, `sites_created_on`, `sites_lastupdate_on`, `ftp_server`, `ftp_user`, `ftp_password`, `ftp_path`, `ftp_port`, `ftp_ok`, `ftp_published`, `remote_url`, `sites_trashed`) VALUES
(1, 1, 'My First Website', '1414205692', '1414206124', '', '', '', '/', 21, 0, 0, '', 0),
(2, 1, 'My Second Website', '1414206145', '1414206212', '', '', '', '/', 21, 0, 0, '', 0);

-- --------------------------------------------------------

--
-- Table structure for table `users`
--

CREATE TABLE `users` (
  `id` int(11) unsigned NOT NULL AUTO_INCREMENT,
  `ip_address` varchar(15) NOT NULL,
  `username` varchar(100) NOT NULL,
  `password` varchar(255) NOT NULL,
  `salt` varchar(255) DEFAULT NULL,
  `email` varchar(100) NOT NULL,
  `activation_code` varchar(40) DEFAULT NULL,
  `forgotten_password_code` varchar(40) DEFAULT NULL,
  `forgotten_password_time` int(11) unsigned DEFAULT NULL,
  `remember_code` varchar(40) DEFAULT NULL,
  `created_on` int(11) unsigned NOT NULL,
  `last_login` int(11) unsigned DEFAULT NULL,
  `active` tinyint(1) unsigned DEFAULT NULL,
  `first_name` varchar(50) DEFAULT NULL,
  `last_name` varchar(50) DEFAULT NULL,
  `company` varchar(100) DEFAULT NULL,
  `phone` varchar(20) DEFAULT NULL,
  PRIMARY KEY (`id`)
) ENGINE=InnoDB  DEFAULT CHARSET=utf8 AUTO_INCREMENT=14 ;

--
-- Dumping data for table `users`
--

INSERT INTO `users` (`id`, `ip_address`, `username`, `password`, `salt`, `email`, `activation_code`, `forgotten_password_code`, `forgotten_password_time`, `remember_code`, `created_on`, `last_login`, `active`, `first_name`, `last_name`, `company`, `phone`) VALUES
(1, '127.0.0.1', 'administrator', '$2y$08$e8HZHBajMNjmJuJJarEpoOR8PhkGuMSfT2e2gWy2Nn3n81sUsFbJ2', '', 'admin@admin.com', '', 'dxnzUHfswcGW5rBvePVaYe195a1d150c1c4cf188', 1413253659, 'B/PgjtSdYXXN/LZH5GQWre', 1268889823, 1414205602, 1, 'Mr', 'Admin', 'ADMIN', '0');

-- --------------------------------------------------------

--
-- Table structure for table `users_groups`
--

CREATE TABLE `users_groups` (
  `id` int(11) unsigned NOT NULL AUTO_INCREMENT,
  `user_id` int(11) unsigned NOT NULL,
  `group_id` mediumint(8) unsigned NOT NULL,
  PRIMARY KEY (`id`),
  UNIQUE KEY `uc_users_groups` (`user_id`,`group_id`),
  KEY `fk_users_groups_users1_idx` (`user_id`),
  KEY `fk_users_groups_groups1_idx` (`group_id`)
) ENGINE=InnoDB  DEFAULT CHARSET=utf8 AUTO_INCREMENT=23 ;

--
-- Dumping data for table `users_groups`
--

INSERT INTO `users_groups` (`id`, `user_id`, `group_id`) VALUES
(1, 1, 1),
(2, 1, 2);

--
-- Constraints for dumped tables
--

--
-- Constraints for table `users_groups`
--
ALTER TABLE `users_groups`
  ADD CONSTRAINT `fk_users_groups_groups1` FOREIGN KEY (`group_id`) REFERENCES `groups` (`id`) ON DELETE CASCADE ON UPDATE NO ACTION,
  ADD CONSTRAINT `fk_users_groups_users1` FOREIGN KEY (`user_id`) REFERENCES `users` (`id`) ON DELETE CASCADE ON UPDATE NO ACTION;

/*!40101 SET CHARACTER_SET_CLIENT=@OLD_CHARACTER_SET_CLIENT */;
/*!40101 SET CHARACTER_SET_RESULTS=@OLD_CHARACTER_SET_RESULTS */;
/*!40101 SET COLLATION_CONNECTION=@OLD_COLLATION_CONNECTION */;
